issue,language ,refrence ,quote,content_type,links,Tips
Anger,English,Bhagavad Gita2.62–63,"From attachment comes desire, from desire comes anger; anger leads to delusion, loss of memory, and the ruin of intelligence.",video,https://www.youtube.com/watch?v=QAsJvKsd2Xk,Pause before reacting – Count to 10 slowly and breathe deeply before you speak.
Anger,Hindi,Bhagavad Gita18.53,"Ahankaar, bal, ghamand, kaam aur krodh ka tyaag karo, man shuddh hota hai.",video,https://www.youtube.com/watch?v=dXjUEA570aE,Change your environment – Step away from the situation for a few minutes.
Anger,English,Bhagavad Gita2.70,"As rivers flow into the ocean without disturbing it, so desires enter the mind of one who is at peace.",video,https://www.youtube.com/watch?v=t2_FWwqvyMw,"Think about the result – Ask yourself, “Will my reaction help or hurt the situation?”Ask yourself, “Will my reaction help or hurt the situation?”"
Anger,English,Bhagavad Gita4.13,Do not be attached to action or inaction; perform your duties without ego,video,https://www.youtube.com/watch?v=tV2Ecd7m6Tc,"Focus on your breath – Take long, deep breaths to relax your mind."
Anger,English,Bhagavad Gita6.5,Elevate yourself by your own mind; do not degrade yourself. The mind is both your friend and your enemy.,video,https://www.youtube.com/watch?v=hdS4nP0-snk,Physical activity releases tension and reduces anger.
Anger,Hindi,Bhagavad Gita4.13,"Gun aur karm ke adhaar par srishti bani hai; mat krodh karo, apne kartavya karo.",video,https://www.youtube.com/watch?v=plS2sr3HMYg,Slower speech can prevent sharp words.
Anger,Hindi,Bhagavad Gita5.23,Krodh ko apne upar haavi mat hone do.,short clip,https://www.youtube.com/shorts/Jtlmkkjbmzk,Drink water – It naturally cools your body and helps you calm down.
Anger,Hindi,Bhagavad Gita6.6,"Jo man aur indriyon ko jeet leta hai, wahi asli yogi hai.",short clip,https://www.youtube.com/shorts/t0p3n_OyQns,Think of a happy memory – Visualize a place or moment you love.
Anger,Hindi,Bhagavad Gita16.1-3,"Bhagwan ke bhakt krodh, lobh aur ahankaar se door rehte hain.",short clip,https://www.youtube.com/shorts/v3JKrB1cPTw,Practice gratitude –List 3 things you’re thankful for when you feel upset.
Anger,English,Bhagavad Gita18.53,Fix your mind on the Divine and remain free from anger and pride.,short clip,https://www.youtube.com/shorts/DvvXPl6Rl9Y,Don’t hold grudges – Let go of past incidents to stay light-hearted.
Anger,English,Premanand Ji Maharaj,"The only way to calm anger is to shift our focus: instead of contemplating what duty others have towards us, we should consider what duties we have towards them.",short clip,https://www.youtube.com/shorts/gORmCGxQOU8,"When angry, look at a glass of water and feel its coolness. Your mind will start matching its calmness."""
Anger,English,Premanand Ji Maharaj,If you see God in the person before you and chant His name—and anger still builds—become silent.,short clip,https://www.youtube.com/shorts/5siuVoFE35k,"When anger rises, silently chant your Guru’s or God’s name three times and take three deep breaths. The reaction’s intensity will drop"
Anger,English,BK Shivani,Anger and anxiety are the ones that tire you the most,short clip,https://www.youtube.com/watch?v=PmQ2FJBJBRc,"Choose silence instead of speaking when angry — the longer you stay quiet, the faster your mind stabilizes"
Anger,English,BK Shivani,"When the iron rod becomes hot, you can mold it into any shape… never lose your temper, or people will mold you according to their own.",short clip,https://www.youtube.com/watch?v=iYjmXxlcm4U,"When angry at someone, look at their forehead or feet instead of their eyes. This visual shift reduces ego clashes."
Anger,English,Bhagavad Gita6.5,"One who can control the urge of speech, mind, and anger is truly disciplined.",short clip,https://www.youtube.com/shorts/5j3e_AzayrM,Avoid “always” & “never” words --They make arguments worse.
Life Transitions,Hindi,Premanand Ji Maharaj,"Jeevan mein har badlav ek nayi shiksha lekar aata hai. Jo badlav ko swikar karta hai, wahi pragati karta hai.",video,https://youtu.be/LUEi9xdH2Yg?si=iID_NcEcs-jMJjfk,"Embrace change, stay flexible, and trust the process of growth."
Life Transitions,Hindi,Premanand Ji Maharaj,"Dukh ya sukh ke roop mein aane wale badlav, humari atma ko majboot banane ke liye hote hain.",video,https://youtu.be/tUvoCAGwkTI?si=PE51Tul--_2lm1_P,"Focus on what you can control, let go of what you can’t, and take small steps forward."
Life Transitions,English,Brahma Kumaris,"Transitions are opportunities to reconnect with your true self, the soul, and rewrite your destiny.",video,https://youtu.be/XGkT7B02s9Y?si=C8_CMue2w3ml4hJ6,"Reflect on past experiences, learn from them, and apply wisdom to new situations."
Life Transitions,English,Sadhguru,"Every transition is not an end, but a doorway to the next possibility.",video,https://youtu.be/EPdY0qZte-g?si=5LWqO1GpJvJjGCcl,"Stay positive, keep hope alive, and remind yourself that challenges are temporary."
Life Transitions,English,Sadhguru,"Don’t resist life transitions. Resistance creates suffering, acceptance creates growth.",video,https://youtu.be/DURJ_tUZB3U?si=UCUNbN31pCmK-cJM,"Seek support from friends, family, or mentors, and share your journey openly."
Life Transitions,English,"Bhagavad Gita Chapter 2 , Verse 22","As a person puts on new garments, giving up old ones, the soul similarly accepts new material bodies, giving up the old and useless ones.",video,https://youtu.be/Kk2Yy70IxOw?si=pL8ozOBsIvcDLSqt,"Set realistic goals, prioritize actions, and create a clear path through uncertainty."
Life Transitions,English,"Bhagavad Gita Chapter 2, Verse 13","Your body keeps changing, but your soul remains pure. Don’t identify your worth with appearance.",video,https://youtu.be/pashzLmba0I?si=zBAT5DeN7lhVjZwY,"Practice self-care, rest when needed, and maintain mental and physical balance."
Life Transitions,Hindi,Premanand Ji Maharaj,"Roop, rang aur shareer ke roop se khud ko naapna, atma ki mahanta ko bhoolna hai.",video,https://youtu.be/d8p-5WcXoRs?si=4fJO9yd3C7Zh115M,"Be patient, accept delays and setbacks, and trust that growth takes time."
Life Transitions,Hindi,Premanand Ji Maharaj,"Manushya ka asli saundarya uske charitra aur prem mein hai, shareer ke roop mein nahi.",video,https://youtu.be/ayDLsz4Y2Vk?si=yG1e_Ys4nMoxw8Nb,"Celebrate progress, no matter how small, and reinforce your resilience."
Life Transitions,English,Sadhguru,Your body is just a loan you have taken from this planet. Don’t suffer because of it.,video,https://youtu.be/BjVPyzegUOQ?si=ApWcJc2wg5L_CQIM,"Keep an open mind, explore new opportunities, and remain curious about the future."
Life Transitions,English,Sadhguru,Beauty is not about the shape of the body; it is about how alive you are.,video,https://youtu.be/taH8DlCTBWE?si=aQnUmB6xKJQ5cgXe,"Let go of past attachments, forgive yourself and others, and make space for new beginnings."
Life Transitions,English,Sadhguru,"If you are too identified with the body, insecurity will be natural. If you live as a soul, you will always feel free.",video,https://youtu.be/15Z1mtiJnyk?si=TUTOAP0YcnnbokKc,"Stay mindful, live in the present moment, and focus on adapting rather than resisting change."
Life Transitions,English ,"Bhagavad Gita Chapter 2, Verse 20","For the soul there is neither birth nor death at any time. It has not come into being, does not come into being, and will not come into being. It is unborn, eternal, ever-existing, and primeval; it is not slain when the body is slain",video,https://www.youtube.com/watch?v=7cOZHzB2Yk8,"Small Acts, Big Impact , Inner State Matters, Spirituality Is Everyday Living, Enjoy the Journey, "
Life Transitions,English,"Bhagavad Gita Chapter 2, Verse 70","A person who is not disturbed by the incessant flow of desires—that enter like rivers into the ocean, which is ever being filled but is always still—can alone achieve peace",video,https://www.youtube.com/watch?v=Lp1ywMtqmeo,"Stop Self-Criticism, Start Self-Blessings, Thoughts and Vibrations Matter, Healing Journey"
Life Transitions,English,"Bhagavad Gita Chapter 2, Verse 15","That person who is not disturbed by happiness and distress, and is steady in both, is certainly eligible for liberation",video,https://www.youtube.com/watch?v=xYAEuvAdIS4&list=TLPQMTgwODIwMjWUy8bycdkQ_A&index=2,"Subconscious Reprogramming is Personalized, Use Positive Suggestions, Repetition Is the Gateway, Silence Amplifies Effectiveness"
Life Transitions,English,"Bhagavad Gita Chapter 2, Verse 16","The unreal has no existence, and the real never ceases to be; the seers of truth have concluded the same",video,https://www.youtube.com/watch?v=vuMtdSIO3f4,"Before being perfect outside, be perfect from inside, Be emotionally independent, Become the master of your mind"
Life Transitions,English ,"Bhagavad Gita Chapter 2, Verse 37-38","Therefore, arise with a determination to fight, O Arjuna",video,https://www.youtube.com/watch?v=xYAEuvAdIS4,"Pause Before Reacting, Close Your Eyes, Use a Inner Phrase or Intention"
Life Transitions,English ,"Bhagavad Gita Chapter 2, Verse 47","You have a right to perform your prescribed duties, but you are not entitled to the fruits of your actions. Never consider yourself the cause of the results, and never be attached to inaction.",video,https://www.youtube.com/watch?v=ROgdzkiXqRY,"Close Your Eyes When Agitated, Repeat a Calming Phrase, Embrace Inner Perfection"
Life Transitions,English ,"Bhagavad Gita Chapter 6, Verse 8","That person who is alike in pleasure and pain, who dwells in the self, who regards a lump of earth, a stone, and gold as the same, is said to have attained steadiness of wisdom",video,https://www.youtube.com/watch?v=lqA5MfH6S10,"Cultivate Inner Strength, Embrace Acceptance with Grace, Stay Present to Your Power, Practice Day-to-Day Empowerment"
Life Transitions,English ,"Bhagavad Gita Chapter 5, Verse 20","He who is unattached, who neither rejoices when he obtains something pleasant nor laments when he obtains something unpleasant, is firmly established in perfect knowledge",video,https://www.youtube.com/watch?v=Me6HzUIxjFI,"Craft Four Personalized Affirmations, Repeat Daily, Say with Purpose, Reflect Daily Growth"
Life Transitions,English ,"Bhagavad Gita Chapter 4, Verse 18","Whatever happened, happened for the good. Whatever is happening, is happening for the good. Whatever will happen, will also happen for the good",video,https://www.youtube.com/watch?v=x25Gpawtftk,"Nuture Inner Harmony Daily, Practice Emotional Independence, Strengthen Mental Mastery"
Depression,English,Inner Engineering Online,"This too shall pass — your current feelings are not forever, and every sunrise brings new possibilities.",video,https://www.youtube.com/watch?v=wOGqlVqyvCM,"Use you body, Connect With Nature, eat food that enhances you mental capability and stability, engineer yourself for wellbeing"
Depression,English,Thoughts and the Mind,"Don’t try to stop negative thoughts, says Sadhguru, as there is no such thing as a positive or negative thought.",video,https://www.youtube.com/watch?v=lJCUC0mRkPo,"Don't fight thoughts directly, Stop labeling thoughts as good or bad, Shift focus rather than resist, Increase awareness of your mind's patterns, Engage in purposeful activity"
Depression,English,Thoughts and the Mind,"The line between sanity and insanity is very thin; if you are angry, you are pushing the line.",video,https://www.youtube.com/watch?v=hzvT0vy5cjE,"You're generating it yourself, The line between sanity and insanity is thin, Avoid giving depression incentives, Build resilience through commitment, Reject the ‘sick role’ as comforting"
Depression,English,UnplugWithSadguru#Sadguru,"Most of the depressions are self-created. A few people are pathologically ill, they cannot help it… but almost everyone else can be driven to madness, because the line between sanity and insanity is quite thin.",video,https://www.youtube.com/watch?v=T7cXSZuZp-s,"Recognize your role in your mental state, Don’t dwell on the past, Engage the body to influence the mind, Shift focus to what’s happening now, Avoid making depression part of your identity, Choose empowering actions"
Depression,English,sadguruvideos,"Every thought… depending upon the type of reverberation you create, the whole chemistry is going through a change.",video,https://www.youtube.com/watch?v=_f7xDWZzn4c,"Be mindful of your mental “reverberations”, Avoid prolonged negativity, Recognize early warning signs, Care for the mind like you care for the body, Care for the mind like you care for the body"
Depression,English,Gaur Gopal Das,The quality of your life is determined by how peaceful & joyful you are within yourself.,video,https://www.youtube.com/watch?v=X8Zov4FO9bI,"Pause and observe, Shift your focus, Use narrative or metaphor, Ground yourself in simplicity, Recognize thought as separate"
Depression,English,Gaur Gopal Das,"Good mental health, like good physical health, doesn't happen automatically. We have to take charge and make it happen.",video,https://www.youtube.com/watch?v=O9qRyFOLdQk,"Own your emotional responses, Release what you can’t control, Cultivate inner calm through observation"
Depression,English,Gaur Gopal Das,"Think: Is this in my control? If yes, you can do something about it. If no, then you cannot do anything about it. Therefore, in both circumstances, why worry?",video,https://www.youtube.com/watch?v=LSDTglSLx9c,"Become your own ally, Observe, don’t suppress, Build inner harmony, Self-friendship is key"
Depression,English,Gaur Gopal Das,Healing begins when we go through the pain—experiencing that real pain is a part of the healing process as well.,video,https://www.youtube.com/watch?v=rkWbKSn71vo,"Allow yourself to feel the pain fully, Understand that healing takes time"
Depression,English,Gaur Gopal Das,"When we put in our best effort and don’t see any progress, it’s common to become frustrated and lose hope.",video,https://www.youtube.com/watch?v=RQy3MqPMSqY,"Embrace the process, not just the outcome, Avoid judging by appearances, Cultivate patience as a virtue"
Depression,English,BK Shivani,"When the mind is full of memories and preoccupied by the future, it misses the freshness of the present moment.",video,https://www.youtube.com/watch?v=FCsCQQuYTuo,"Observe without judgment, Refocus your attention consciously, Cultivate simplicity and clarity, Practice self-compassion"
Depression,English,BK Shivani,True healing begins when we stop resisting our inner pain and start embracing it with compassion—only then can peace gently return.,video,https://www.youtube.com/watch?v=d2plwvciAs0,"Watch Your Thought Patterns, Let Go of Expectations, Practice Meditation (Raja Yoga), Use Positive Self-Affirmation, Engage in Activities You Love, Surround Yourself with Positivity"
Depression,English,Brahmakumaris,"When you lose interest in life, it’s a signal to pause, reflect, and rediscover what truly matters to you.",video,https://www.youtube.com/watch?v=aYlaKLXAi-I&list=PL6mmKavEt552Ft9Vm_U8evbLPQf9cyq9i&index=19,"Practice mindfulness, Engage in physical activity, Breathing exercises, Self-inquiry"
Depression,English,Brahmakumaris,"Fulfillment comes from doing what needs to be done, not from waiting for everything to be perfect.",video,https://www.youtube.com/watch?v=TLswxKeWkxo&list=PL6mmKavEt552Ft9Vm_U8evbLPQf9cyq9i&index=18,"Break It Down into Bite-Sized Actions, Celebrate Completion Not Perfection, Anchor Your Day with Routine Checkpoints"
Depression,English,Brahmakumaris,"When love is bound by conditions and expectations, it stops being love — and starts becoming a source of depression.",video,https://www.youtube.com/watch?v=dWFPAF5qi2E&list=PL6mmKavEt552Ft9Vm_U8evbLPQf9cyq9i&index=17,"Set and Communicate Healthy Boundaries, Cultivate Self-Compassion and Self-Worth, Build Supportive Connections Grounded in Unconditional Acceptance, Use Guided Imagery or Visualization for Inner Healing"
Fear,English,Sadguru,"Fear means you're producing horror movies in your mind… produce a comedy, love story, suspense thriller… start using your mind…",video,https://www.youtube.com/watch?v=K7hYf0yIK5w,"Shift your inner narrative, Gradual Exposure (Exposure Therapy), Cognitive Restructuring (""Facts vs. Fears""), Normalize Fear and Acknowledge It, Build Emotional Resilience, "
Fear,English,Sadguru,"When you're 100 years old, you'll regret thinking that fear—an imaginary thing—to happen within you, and you'd jump at the chance to do those things.",video,https://www.youtube.com/watch?v=xCtMcg9kSdI,"Practice mindfulness, Engage in physical activity, Breathing exercises, Self-inquiry, Create a conducive environment, Chanting or affirmations"
Fear,English,"Bhagavad Gita Chapter 2, Verse 47","You have the right to perform your prescribed duties, but you are not entitled to the fruits of your actions. Never consider yourself the cause of the results, and never be attached to not doing your duty.",video,https://www.youtube.com/watch?v=RlF-tO2YVPg,"Shift Your Perspective, Cultivate Self-Confidence, Practice Detachment, Engage in Self-Inquiry"
Fear,English,"Bhagavad Gita Chapter 2, Verse 56","Those who are steadfast in yoga, having abandoned all attachments, see the self in all beings and all beings in the self; they have no fear.",video,https://www.youtube.com/watch?v=TOzJRrGdMCs,"Embrace Ridicule as Part of Life, Focus on Your Own Mind, Laugh at Yourself"
Fear,English,BK Shivani,"No matter how deeply we believe that we are dependent on external factors, the truth is that we have complete freedom to choose our response.",video,https://www.youtube.com/watch?v=rGUTDgszCbw,"Shift from Body-Consciousness to Soul-Consciousness, Recognize and Acknowledge Fear, Use Positive Affirmations, Cultivate Pure Thoughts and Feelings, Practice Meditation with Open Awareness"
Fear,English,BK Shivani,"Choose your thoughts wisely, as they become your reality.",video,https://www.youtube.com/watch?v=Gx8uyx4TUj0,"Acknowledge Fear Rather Than Avoid It, Shift from Body-Consciousness to Soul-Consciousness, Use Positive Thought Affirmations, Break Problems into Manageable Steps"
Fear,English,BK Shivani,"When we see ourselves as souls, not bodies, our fears begin to dissolve.",video,https://www.youtube.com/watch?v=ZtWxzfta-wE,"Transform Inner Habits, Elevate Your Energy Beyond Circumstances, Build Faith in Yourself, Your Destiny, or a Higher Source, Observe and Shift Thought Patterns, Practice Mindful Regulation of Your Energy"
Fear,Hindi,"Bhagavad Gita Chapter 18, Verse 66",Abandon all varieties of dharma and simply surrender unto Me. I shall deliver you from all sinful reactions; do not fear.,video,https://www.youtube.com/watch?v=QZ23krRZNkY,"Anxiety Is Just a Chapter, Not Your Whole Story , Validate Emotions—Don’t Dismiss Them, Focus on What You Can Control, Break the Cycle of Overthinking"
Fear,English and Hindi,"Bhagavad Gita Chapter 2, Verse 15",One who is not disturbed by happiness and distress and is steady in both is certainly eligible for liberation.,video,https://www.youtube.com/watch?v=H3qeb5TgZL4,"Recognize the Root: Body-Consciousness, Acknowledge Your Fear, Educate & Understand, Take Small, Intentional Steps, Practice Relaxation Techniques, Challenge Negative Thoughts"
Fear,English and Hindi,"Bhagavad Gita Chapter 16, Verse 1","Fearlessness, purity of heart, cultivation of spiritual knowledge, charity, self-control, sacrifice, study of the Vedas, austerity, and simplicity—these are the qualities of those endowed with a divine nature.",video,https://www.youtube.com/watch?v=TfBz7_oIe1Y,"Breathe and Observe, Bring Awareness to the Body, Name Your Emotion, Return to the Present, Cultivate Trust and Faith, Affirm Your Inner Strength, Focus on What’s in Your Control"
Fear,English and Hindi,"Bhagavad Gita Chapter 4, Verse 39",A faithful man who is absorbed in transcendental knowledge and who subdues his senses quickly attains supreme peace.,video,https://www.youtube.com/watch?v=q2-Axw5EZ30,"Shift Your Identity from the Mind to the Self, Use Calm Breathing to Ground Yourself, Observe Emotions Without Judgment, Anchor Yourself in the Present, Practice Inner Dialogue with Compassion"
Fear ,English ,"Bhagavad Gita Chapter 6, Verse 5","Let a man lift himself by his own self alone; let him not lower himself. For the self alone is his friend, and the self alone is his enemy.",video,https://www.youtube.com/watch?v=xAbbNqvSbPg,"Anchor in the Present through Breath, Witness, Don’t Identify, Speak with Compassion—Internal Reassurance, Use Awareness to Shift Your State, Respond, Don’t React"
Fear ,English and Hindi,"Bhagavad Gita Chapter 12, Verse 15","He by whom no one is put into difficulty, and who is not disturbed by anyone, who is equipoised in happiness and distress, fear and anxiety—he is very dear to Me.",video,https://www.youtube.com/watch?v=uzOIHlg8oRc,"Recognize Your Spiritual Significance, Invoke Divine Support When You Feel Alone, Affirm Your Inner Power, Visualize Success Beforehand, Acknowledge the Harm of Fear"
Fear ,English,"Bhagavad Gita Chapter 2, Verse 20","For the soul there is neither birth nor death at any time. It is unborn, eternal, ever-existing, and primeval; it is not slain when the body is slain.",video,https://www.youtube.com/watch?v=XoLjsTOjZVc,"Identify & Allow the Feeling, Observe Without Judgment, Trace the Root Cause, Shift to Self-Valuation, Practice Compassion—For Yourself & Others"
Fear,English and Hindi,"Bhagavad Gita Chapter 2, Verse 56","One whose mind is undisturbed in sorrow, free from longing in pleasure, and who has transcended attachment, fear, and anger is called a sage of steady wisdom.",video,https://www.youtube.com/watch?v=X2IvvY2IMKM&list=TLPQMTQwODIwMjWwwNlqs7BNAg&index=2,"Understand the Eternal Nature of the Soul, Cultivate Steady Wisdom, Surrender to the Divine, Act Without Attachment to Results, Strengthen Faith Through Knowledge"
Fear ,English,"Bhagavad Gita Chapter 11, Verse 49","Do not be afraid or bewildered by seeing this terrible form of Mine. Be free from fear and with a cheerful mind, behold once again My form as you knew it before",video,https://www.youtube.com/watch?v=Qm7adIHJaB8,"Worry Less, Live More, Avoid Creating Fear Through Defense, Acknowledge That Fear is Natural, Yet Risky"
Sadness,English,Brahma Kumaris,"Every sorrow is temporary, because your soul is eternal and full of light.",video,https://youtu.be/YyCXp_E4sMU?si=ctLVhS59kYUdpBfS,"studying, practicing, healing, pushing through sadness"
Sadness,Hindi,"Bhagavad Gita Chapter 2, Verse 14","Sukh aur dukh sharir ke sampark se aate hain, jaise garmi-sardi aati hai aur chali jaati hai. Unhe sehna seekho",video,https://youtu.be/hFa26ggQT0U?si=sT2mX4Zg68Er3AmB,"meditation, reflection, creative expression, or simply pausing to breathe deeply"
Sadness,English,Sadhguru,Sadness is a reaction; life itself is not sad. You are sad because you resist reality.,video,https://youtu.be/bbQym-YVRm0?si=KfG8pucta-KiJX0x,"It could be a memory, a mantra, or your center of calm—hold onto that"
Sadness,Hindi,"Bhagavad Gita Chapter 2, Verse 15","Jo vyakti dukh mein disturb nahi hota aur sukh mein bhi zyada attached nahi hota, wahi sthir-buddhi hai",video,https://youtu.be/FCsCQQuYTuo?si=6CXTKy33wzv2IXUJ,"exercise for 5 minutes, clean your desk, or write one positive thought."
Sadness,English,Sadhguru,"Do not try to get rid of sadness. Understand it, embrace it, and it will transform into wisdom",video,https://youtu.be/rkWbKSn71vo?si=5e_B96PDSO2_-rvh,"Find a quiet moment (even 2–5 minutes),Notice and name what you’re feeling—“I’m feeling sad, tired, disconnected.”,Breathe gently, offering yourself acceptance—“This is okay"""
Sadness,Hindi,"Bhagavad Gita Chapter 18, Verse 73",Jab moh (attachment) khatam hota hai tabhi mann clear hota hai aur dukh door hota hai.,video,https://youtu.be/RQy3MqPMSqY?si=Ci-mswfFj4Mktqu-,"uplifting music, meditation, prayer, or calling a supportive friend."
Sadness,English,Sadhguru,"Whatever you avoid, you become. Facing sadness fully is what liberates you",video,https://youtu.be/191v_vwDNXU?si=ZFjYH0a_fbDybqnS,"Drink a comforting cup of tea mindfully,Stretch your body gently,Close your eyes and take a slow, deep breath,These tiny care rituals affirm that you are worthy of peace."
Sadness,Hindi,Sadhguru,"Agar tumhara dukh tumhe yaad dilata hai ki tum adhoore ho, toh yeh achha hai. Apne dukh ko apne vikaas ke liye use karo",video,https://youtu.be/ZqQHEKDaFys?si=ts08WekbJy7Sbv3T,Remind yourself: “One misstep doesn’t define me—I’m still growing.”
Sadness,Hindi,Sadhguru,Khushi toh tumhari natural state hai. Dukh tum khud create karte ho,video,https://youtu.be/jgm5axDsbS0?si=GtrBysiFZCgscg79,"1 push-up, 5 min walk, one page of reading"
Sadness,Hindi,Sadhguru,"Zindagi mein jo bhi aaye, use fix karne ki zarurat nahi. Apne aap ko aise set karo ki jo bhi aaye, tum fine raho",video,https://youtu.be/I6QwXyE0J9c?si=qH03-tKJfRJiJuTk,"Replace draining content with something that lifts you—podcasts, speeches, prayers, affirmations."
Sadness,Hindi,Brahma Kumaris,"Sorry mat bano, content bano. Sorrow ko apna mat lo, warna tum bhi neeche gir jaoge. Strong raho, taaki doosron ko utha sako.",video,https://youtu.be/SGhoFSKL8HU?si=7WgkMzTLdnJ5WBUD,gently breathe and counter it immediately with your affirming statement
Sadness,Hindi,Brahma Kumaris,"Har experience hamare thoughts aur actions ka result hota hai. Jo beej hum bonge, wahi phal milega",video,https://youtu.be/KTS1-FdAk5Y?si=5apUrYfXEydvNZ6s,"Lean on Loved Ones ,Be the Helper ,Create Daily Check-Ins ,Use a Group Mantra,Celebrate Small Wins"
Sadness,English,Brahma Kumaris,Be aware that your thoughts create your reality; don’t let sorrow dominate your mind,video,https://youtu.be/Yiaatr-Noh0?si=HHnAc65id6xxhogj,"Enjoy your own company,Reflect to know yourself,Stay emotionally steady,Turn loneliness into aloneness,Find joy within, not outside"
Sadness,English,Brahma Kumaris,Sadness comes when you focus on what you lack; happiness comes when you focus on your inner self.,video,https://youtu.be/Ima3Gq3O3_c?si=MhSQX8WUMN45w2Hk,"Embrace solitude to discover yourself, find peace within not outside, build emotional strength by being alone, improve relationships by being complete alone, stay present in every moment."
Sadness,Hindi,"Bhagavad Gita Chapter 6, Verse 5","Insaan ko apne aap ko upar uthana chahiye, apne mann ko kabhi neeche girne mat do. Tumhara dukh tumhare apne control mein hai",video,https://youtu.be/nWNz6Gj2k-w?si=cj2JInUgYFqoJe9P," find inner peace, build strength, improve relationships, stay present."
Sadness,English,Sadhguru,"The fear is simply because you are not living with life, you are living in your mind",video,https://youtu.be/jRuPJ1BKbCI?si=jUa4sSgnr_79StJn,"Eat healthy, stay hydrated, exercise, sleep well, meditate, nurture positive relationships, and live with purpose."
Sadness,English,Sadhguru,"Everything that ever happened to you, you experienced right within you... All human experience is one hundred percent self-created",video,https://youtu.be/d8p-5WcXoRs?si=inAp-8KlAgJIVWXU,"Find inner joy, stay fully alive, and focus on personal growth."
Sadness,English ,Sadhguru,The only reason why you are unhappy is because you are trying to be happy,video,https://youtu.be/xCtMcg9kSdI?si=vE5uuYImiFtghSIz,"Stay joyful within, embrace life fully, and grow constantly."
Sadness,Hindi,Sadhguru,Mansik peeda asal mein isliye hoti hai kyunki zindagi kya hai iska nazariya hum kho dete hain,video,https://youtu.be/USSMYYt1H5E?si=iA_mcUm8ofGi3mta,"Awaken your inner energy, live fully in the moment, and keep evolving."
Sadness,Hindi,Premanand Ji Maharaj,"Kashht ke palon mein, sirf Hari aur Guru hi tumhare saath hote hain",video,https://youtu.be/YgeCHZfmx50?si=G9cy8WrJVPUbJ9zV,"Ignite inner joy, live each moment fully, and keep growing yourself."
Overthinking ,English,Sadguru,"The moment you get identified with something other than what you really are, the activity of the mind begins. You cannot stop it… But you do not know the joy of simply sitting here without a single thought on your mind",video,https://www.youtube.com/watch?v=zCT3wcoZ9ds,"Overthinking Stems from Misidentification, True Stillness Lies Beyond the Mind, Shift Focus to the 'Source of Creation' Within"
Overthinking ,English ,Gaur Gopal Das,"Just like a well-oiled machine, our body and mind need rest to perform at their best",video,https://www.youtube.com/watch?v=U_ilabJbPKU,"Pause Instead of React, Rest as a Priority, Conscious Stillness, Internal Shift Over External Fix"
Overthinking ,English,"Bhagavad Gita Chapter 6, Verse 6","For one who has conquered the mind, the mind is the best friend; but for one who has failed to do so, the mind will remain the greatest enemy",video,https://www.youtube.com/watch?v=t7vNoN-4IOE,"Schedule Daily Breaks, Honor True Relaxation, Treat Your Mind as a System"
Overthinking ,English ,"Bhagavad Gita Chapter 2, Verse 49","Those who are motivated only by desire for the fruits of action are miserable, for they are constantly anxious about the results of what they do",video,https://www.youtube.com/watch?v=bV1wd8Ng40Q,"Practice Mindfulness and Meditation, Simplify Your Thoughts, Embrace Stillness, Cultivate Positive Habits"
Overthinking ,English,"Bhagavad Gita Chapter 2, Verse 15",A person who is not disturbed by happiness and distress and is steady in both is certainly eligible for liberation,video,https://www.youtube.com/watch?v=84hvyUTNVEI,"Recognize the Pattern, Shift Your Perspective, Practice Mindfulness"
Overthinking ,English,"Bhagavad Gita Chapter 6, Verse 16–17","For one who is moderate in eating and recreation, balanced in work, and regulated in sleep, meditation becomes easy, and the mind becomes steady",video,https://www.youtube.com/watch?v=jRuPJ1BKbCI,"Question Your Thoughts, Use Time-Limited Thinking, Seek Support"
Overthinking ,Hindi,"Bhagavad Gita Chapter 2, Verse 47","कर्म करो, फल की चिंता मत करो",video,https://www.youtube.com/watch?v=fOFUVKnjWgI,"Practice digital detox, Engage in creative hobbies, Hydrate and breathe"
Overthinking ,Hindi ,"Bhagavad Gita Chapter 6, Verse 1–2","जो मन को अपने नियंत्रण में रखता है, वही सफलता प्राप्त करता है",video,https://www.youtube.com/watch?v=yDhI7Cpu8Gc,"Write thoughts down, Eat balanced meals, Maintain a consistent sleep schedule"
Overthinking ,Hindi ,"Bhagavad Gita Chapter 2, Verse 13","आत्मा स्थिर और शांत है, भावनाओं से प्रभावित नहीं होती",video,https://www.youtube.com/watch?v=gEpCQmfI7Tw&list=TLPQMTgwODIwMjUfaCEDRAQsyw&index=2,"Set realistic expectations, Break problems into tiny steps, Reframe negative thoughts, Observe thoughts neutrally"
Overthinking ,Hindi,"Bhagavad Gita Chapter 6, Verse 7","जो व्यक्ति अपने मन पर विजय पाता है, वही वास्तविक स्वतंत्रता को अनुभव करता है",video,https://www.youtube.com/watch?v=6x-2upC42Rs,"Accept uncertainty, Visualize peace, Create a worry box, Listen to calming music, Laugh and play"
Loneliness,English,"Bhagavad Gita Chapter 2, Verse 48","Perform your duties equably, free from attachment to success or failure,  equanimity is called yoga",video,https://www.youtube.com/watch?v=vtg9q00AZOc,"Self-acceptance, Inner fulfillment, Connection with oneself"
Loneliness,English ,"Bhagavad Gita Chapter 6, Verse 6","By understanding the self deeply, one becomes rooted in one’s own nature",video,https://www.youtube.com/watch?v=Yiaatr-Noh0,"Reconnect with purpose, Use affirmations, Observe thoughts neutrally"
Loneliness,English ,"Bhagavad Gita Chapter 6, Verse 19",The soul is rooted in Brahman and remains steady within itself when disciplined,video,https://www.youtube.com/watch?v=7q8OYsieWNQ,"Reach out to family or friends, Volunteer or help others, Join groups or clubs, Limit toxic relationships"
Loneliness,English,"Bhagavad Gita Chapter 6, Verse 5",One should lift oneself by oneself; the self alone is one’s friend and one’s enemy,video,https://www.youtube.com/watch?v=0s4_3H5LuiI,"Accept impermanence, Practice yoga or stretching, Celebrate small wins"
Loneliness,English,"Bhagavad Gita Chapter 2, Verse 32","Like a lamp in a windless place does not flicker, the disciplined mind remains steady in solitude",video,https://www.youtube.com/watch?v=UfkKZqG-WTs,"Be patient with yourself, Share your feelings, Write a personal journal"
Loneliness,Hindi ,"Bhagavad Gita Chapter 6, Verse 19",आत्मा स्वयं में स्थित होने के कारण ब्रह्मा में प्रतिष्ठित होता है।,video,https://www.youtube.com/watch?v=HCk2SttN9wY,"Reframe loneliness as opportunity, Be of service to someone, Develop empathy for others"
Loneliness,Hindi,"Bhagavad Gita Chapter 6, Verse 32",जो सभी प्राणियों में समान मन रखता है और उन्हें देखता है।,video,https://www.youtube.com/watch?v=-QH81viV3QM,"Identify triggers that increase feelings of loneliness, Develop a morning ritual that centers you, Visualize yourself as strong and resilient in solitude"
Loneliness,English,"Bhagavad Gita Chapter 2, Verse 50","Focus on performing your duties with skill, dedication, and mindfulness, without attachment to the results.",video,https://www.youtube.com/watch?v=OEPAzLU-XnM,"Create a structured routine, Limit TV or passive screen time, Organize your personal space for clarity"
Loneliness,Hindi ,Sadhguru,"जब आप अकेले होते हैं और अकेलापन महसूस करते हैं, तो इसका मतलब है कि आप स्वयं के साथ अच्छे नहीं हैं।",video,https://www.youtube.com/watch?v=awKgs6vR-cs,"Attend community or spiritual gathering, Practice active listening, Hydrate well"
Loneliness,English,Sadhguru,"For those who are on the spiritual path, being alone, keeping a distance from people, and becoming silent are not issues – these are opportunities",video,https://www.youtube.com/watch?v=jS_HDb03GDc,"Do not judge yourself, Do not judge yourself by other people's timelines, Sit in silence and meditate, Follow your dreams with passion"
Loneliness,English,Sadhguru,"Sit alone for five minutes and see what your life would be like if you were absolutely alone in this world. If there were nobody or nothing to compare yourself with, what would you truly long for?",video,https://www.youtube.com/watch?v=Ghr-rAjO2bU,"Never judge your feelings, Value yourself, Practice self compassion"
Hopelessness,English,Brahma Kumaris,"When you connect with your inner soul, you realize every situation is temporary; hopelessness has no place in a soul-conscious mind",video,https://youtu.be/rj7lh97z7JM?si=cuwDO11fovRP2TmH,"take small steps, do activities you enjoy, talk to someone you trust, practice mindfulness"
Hopelessness,English,Sadhguru,"Hopelessness is a choice. Life always has possibilities, but you must look beyond your current misery",video,https://youtu.be/nz7UhGX4JrI?si=lr3xNF9zd2p2AnSZ,"Accept your feelings, take a deep breath, and remember this moment is temporary"
Hopelessness,English,Premanand Ji Maharaj,The one who surrenders to the divine and acts with faith never truly feels hopeless.,video,https://youtu.be/MH9DiA-Xvjg?si=qtf9oqL3SEZk7Fjm,"Focus on small steps, set tiny goals, and celebrate every little achievement."
Hopelessness,English,Gaur Gopal Das,"When you focus on gratitude and service, despair dissolves and hope naturally arises.",video,https://youtu.be/4ZQkYSpmOdU?si=kB2-ZlhGGnkKFnnU,"Talk to someone you trust, share your thoughts, and seek comfort in connection."
Hopelessness,English,"Bhagavad Gita Chapter 2, Verse 14",Pleasure and pain are temporary; bear them with equanimity,video,https://youtu.be/B-5FO86NqG0?si=zDuc-C2uPvTf4GRV,"Practice gratitude daily, notice small joys, and shift attention from what’s missing."
Hopelessness,Hindi,Brahma Kumaris,"Jab hum apni atma ki shakti ko yaad karte hain, toh andhera aur hopelessness khud hi door ho jaata hai.",video,https://youtu.be/VyTKEr70jRI?si=HEx1XNPIJ-kNRzLZ,"Engage in physical activity, go for a walk, and release stress through movement."
Hopelessness,Hindi,Sadhguru,"Zindagi kabhi rukti nahi, bas hum apni nazar se hi hopeless feel karte hain.",video,https://youtu.be/jgm5axDsbS0?si=2nZD24-2Tw5xQi2t,"Limit negative media, surround yourself with positivity, and avoid toxic environments."
Hopelessness,Hindi,Premanand Ji Maharaj,"Jab shraddha aur bhakti dil se hoti hai, tab har mushkil mein bhi umeed jagi rehti hai.",video,https://youtu.be/DURJ_tUZB3U?si=OoEszhGL1b8cRxhh,"Meditate or practice mindfulness, center your mind, and stay present in the moment."
Hopelessness,Hindi,Gaur Gopal Das,"Jab hum apni energy ko positive cheezon par lagate hain, hopelessness ka koi space nahi bachta.",video,https://youtu.be/ZqQHEKDaFys?si=hx7gK0ww30vB8UH1,"Help someone else, volunteer, and gain perspective through acts of kindness."
Hopelessness,Hindi,"Bhagavad Gita  Chapter 2, Verse 47","Karm karte jao bina kisi dar aur nirasha ke, phal ki chinta chhodo",video,https://youtu.be/SusqIc1mrbY?si=9XOp9_Wl577ub2J-,"Write your thoughts, journal your emotions, and see patterns to find clarity."
Self-Doubt,English,Brahma Kumaris,"Inner peace and confidence come from connecting with your soul and realizing your true self, not from external approval.",video,https://youtu.be/Y3gAUmIdmdU?si=8wQCeto-0LBfmfFi,"Believe in your abilities, take action, and trust yourself even in uncertainty"
Self-Doubt,English,Sadhguru,"It’s good to doubt yourself. Before anything is right or wrong, first look within; maybe it’s you who needs the change",video,https://youtu.be/lJCUC0mRkPo?si=vatmXcW13gy4g1z-,"Focus on past successes, remind yourself of strengths, and silence negative thoughts."
Self-Doubt,English,Premanand Ji Maharaj,The one who directs their actions in the right direction is on the true path,video,https://youtu.be/LSDTglSLx9c?si=23aqA3MmLeeEphxN,"Set small goals, achieve them step by step, and build confidence gradually."
Self-Doubt,English,Gaur Gopal Das,"When we are true to ourselves, there's nothing to fear from the world",video,https://youtu.be/x0WiVibxD9A?si=9dPGae2iL2H5t8RB,"Learn from mistakes, see failures as lessons, and keep moving forward."
Self-Doubt,English,"Bhagavad Gita Chapter 3, Verse 35",The one who directs their actions in the right direction is on the true path.,video,https://youtu.be/HvSwVghMtJ8?si=eUJIHhp4UHVMsC5X,"Avoid comparing yourself to others, honor your unique journey, and embrace growth."
Self-Doubt,Hindi,Brahma Kumaris,"Jab aap apne aap ko jaante hain, to aap apni shaktiyon aur kamzori ko bhi samajhte hain. Kuch bhi aapko hila nahi sakta aur koi bhi shabd aapko aahat nahi kar sakta",video,https://youtu.be/910ReV9kxfQ?si=KTJYHFjPtl1SCUI9,"Practice positive self-talk, replace “I can’t” with “I will try,” and shift mindset."
Self-Doubt,Hindi,Sadhguru,"Sandeh buddhimatta ka chihn hai. Sacchi buddhimatta jigyasa mein rehti hai, jabki ahankar aksar ajnanta ko chhupata hai.",video,https://youtu.be/FNrH-YNAlTs?si=s47zjMb2ErOO8BC_,"Surround yourself with supportive people, seek encouragement, and reject negativity."
Self-Doubt,Hindi,Premanand Ji Maharaj,"Jo apne man ko niyantrit kar leta hai, wahi sacche sukh ka anubhav karta hai",video,https://youtu.be/DURJ_tUZB3U?si=KJErJtsuSNlmbUgG,"Prepare and plan, gain knowledge, and reduce fear through readiness."
Self-Doubt,Hindi,Premanand Ji Maharaj,Saty ke marg par chalne wala vyakti sada vijayi hota hai,video,https://youtu.be/Dh0cDSswb_I?si=zTKzUykxhLOVqmXV,"Visualize success, imagine achieving your goals, and fuel your inner motivation."
Self-Doubt,Hindi,Gaur Gopal Das,"Apni galtiyon se seekhna zaroori hai, par unhe apni pehchaan mat samajhna.",video,https://youtu.be/b3ttfXIGg9E?si=bjsAVhtfdU3_0R53,"Take care of your mind and body, rest well, and keep energy high to face challenge"
Self-Doubt,Hindi,"Bhagavad Gita  Chapter 3, Verse 35 (3.35)","Jo apne karmo ko sahi disha mein chalata hai, wahi sacche marg par chalta hai.",video,https://youtu.be/2-inNDXoeVE?si=cdJGq6F2xvpOPIqA,"Seek professional support, trust guidance, and remember asking for help is strength."
Self-Doubt,English,A.P.J. Abdul Kalam,Confidence and hard work is the best medicine to kill the disease called failure,short clip,https://www.youtube.com/watch?v=CmSd_DLj70M,"Believe in God’s plan– If He sent you here, you’re capable."
Self-Doubt,English,Kiran Bedi,The focus is what keeps you confident. Distraction is the enemy of self-belief,video,https://www.youtube.com/watch?v=XmIXgTkpFdk,Speak truth – Truth gives inner strength.
Self-Doubt,Hindi,Swami Vivekananda,Tum apne sapno ko sach karne ke liye jimmedar ho.,short clip,https://www.youtube.com/watch?v=UfkKZqG-WTs,Keep good company – Positive people boost your confidence.
Self-Doubt,Hindi,BK Shivani,Aapke vichaar hi aapki haqeeqat banate hain — unhe samajhdari se chuniye.,video,https://www.youtube.com/watch?v=CPlutfyD70Q,Do your duty – Confidence grows from doing your best.
Self-Doubt,Hindi,Bhagavad Gita2.47,"ou have a right to perform your duties, but not to the fruits of your actions. Do not let the results be your motive, nor let your attachment be to inaction",short clip,https://www.youtube.com/shorts/NlHSKv-Rx10,"Remember your worth – You are a soul, not just a body."
Self-Doubt,Hindi,Bhagavad Gita6.6,"For one who has conquered the mind, the mind is the best friend; but for one who has failed to do so, the mind will remain the greatest enemy.",video,https://www.youtube.com/watch?v=JaDKYQrQXA4,Stay disciplined – Small daily discipline builds big confidence.
Self-Doubt,English,Bhagavad Gita 2.13,"Just as the soul passes from childhood to youth to old age, it also passes into another body at death. The wise are not disturbed by this",video,https://www.youtube.com/watch?v=22wpwgpy7fY,"Focus on progress, not perfection – Every step counts."
Self-Doubt,English,Bhagavad Gita 3.35,It is better to follow your own path imperfectly than to follow someone else’s path perfectly,short clip,https://www.youtube.com/shorts/XzPBo1hWxsU,"Face fears – Running away weakens, facing them strengthens."
Self-Doubt,English,Bhagavad Gita 2.38,"Treat pleasure and pain, gain and loss, victory and defeat the same, and then go into battle. That way you won’t incur sin",short clip,https://www.youtube.com/shorts/RDm5c2fBxBU,Pray daily – Connection with God gives unshakable courage.
Self-Doubt,English,Bhagavad Gita 9.22,"To those who are devoted to Me and worship Me with love, I give what they lack and protect what they have.",video,https://www.youtube.com/watch?v=3gqQevdM7xM,Think positive– Replace “I can’t” with “I will try.”
Self-Doubt,English,Bhagavad Gita 6.5,Lift yourself by yourself. Don’t let yourself fall. You are your own friend and your own enemy.,video,https://www.youtube.com/watch?v=cwLVRzAGjkw,Celebrate small wins – They add up to big victories.
Self-Doubt,Hindi,Bhagavad Gita 3.30,"Jo chinta aur dar se mukt ho, wahi safal hota hai.",short clip,https://www.youtube.com/shorts/x1ABRB-Sehg,Avoid comparison – Focus on your own journey.
Self-Doubt,Hindi,Bhagavad Gita 4.19,"Jo vyakti apne karmon ko gyaan ki agni se shuddh karta hai aur apne sankalpon par niyantran rakhta hai, wahi sachcha gyaani hai.",short clip,https://www.youtube.com/shorts/RHYne_IZcZs,Speak clearly – Your voice reflects your confidence.
Self-Doubt,Hindi,Bhagavad Gita 9.27,"Jo kuch tu karta hai, jo kuch khata hai, jo kuch arpan karta hai — sab mujhe samarpit kar.",video,https://www.youtube.com/watch?v=USSMYYt1H5E,"Dress well – When you look good, you feel good."
Self-Doubt,Hindi,Bhagavad Gita 4.39,"Jo shraddha aur vishwas rakhta hai, apne man aur indriyon ko niyantrit karta hai, wahi gyaan prapt karta hai.",short clip,https://www.youtube.com/shorts/hfRt5oA1-lA,Help others – Service builds self-worth.
Self-Doubt,English,Premanand Ji Maharaj,"The true path to enlightenment lies within oneself. Look inward, and you shall find the light you seek.",short clip,https://www.youtube.com/shorts/aasfvlz1y3Y,Face fears – Avoiding them makes them bigger.
Self-Doubt,English,Premanand Ji Maharaj,Adversity and humiliation are steps on the path to charity.,video,https://www.youtube.com/watch?v=7uWcD9BsWYM,Visualize success – See yourself winning before you start.
Self-Doubt,English,Premanand Ji Maharaj,Don’t be impatient; walk the right path patiently—you will surely get the result,video,https://www.youtube.com/watch?v=PrvVt9CrMGM,Sit straight – Good posture boosts confidence instantly.
Self-Doubt,English,Premanand Ji Maharaj,"No one in this physical world has the power to hold you; you are the one holding on, and you are the one who has to let go.",video,https://www.youtube.com/watch?v=Dh0cDSswb_I,Limit negative media – Protect your mind from constant doubt.
Self-Doubt,English,Premanand Ji Maharaj,"If you constantly get entangled in others’ opinions, you’ll never discover your life’s true purpose. Stop worrying what people say. Start thinking what God wants for you.",video,https://www.youtube.com/watch?v=PrvVt9CrMGM&t=12s,Learn new skills – Knowledge adds natural confidence.
